[
  {
    "country": "Émirats arabes unis",
    "capital": "Abou Dabi",
    "flagThumbUrl": "https://upload.wikimedia.org/wikipedia/commons/thumb/c/cb/Flag_of_the_United_Arab_Emirates.svg/20px-Flag_of_the_United_Arab_Emirates.svg.png",
    "flagLinkUrl": "https://commons.wikimedia.org/wiki/File:Flag_of_the_United_Arab_Emirates.svg?uselang=fr"
  },
  {
    "country": "Nigeria",
    "capital": "Abuja",
    "flagThumbUrl": "https://upload.wikimedia.org/wikipedia/commons/thumb/7/79/Flag_of_Nigeria.svg/20px-Flag_of_Nigeria.svg.png",
    "flagLinkUrl": "https://commons.wikimedia.org/wiki/File:Flag_of_Nigeria.svg?uselang=fr"
  },
  {
    "country": "Ghana",
    "capital": "Accra",
    "flagThumbUrl": "https://upload.wikimedia.org/wikipedia/commons/thumb/1/19/Flag_of_Ghana.svg/20px-Flag_of_Ghana.svg.png",
    "flagLinkUrl": "https://commons.wikimedia.org/wiki/File:Flag_of_Ghana.svg?uselang=fr"
  },
  {
    "country": "Turkménistan",
    "capital": "Achgabat",
    "flagThumbUrl": "https://upload.wikimedia.org/wikipedia/commons/thumb/1/1b/Flag_of_Turkmenistan.svg/20px-Flag_of_Turkmenistan.svg.png",
    "flagLinkUrl": "https://commons.wikimedia.org/wiki/File:Flag_of_Turkmenistan.svg?uselang=fr"
  },
  {
    "country": "Éthiopie",
    "capital": "Addis-Abeba",
    "flagThumbUrl": "https://upload.wikimedia.org/wikipedia/commons/thumb/7/71/Flag_of_Ethiopia.svg/20px-Flag_of_Ethiopia.svg.png",
    "flagLinkUrl": "https://commons.wikimedia.org/wiki/File:Flag_of_Ethiopia.svg?uselang=fr"
  },
  {
    "country": "Yémen",
    "capital": "Sanaa (contesté)",
    "flagThumbUrl": "https://upload.wikimedia.org/wikipedia/commons/thumb/8/89/Flag_of_Yemen.svg/20px-Flag_of_Yemen.svg.png",
    "flagLinkUrl": "https://commons.wikimedia.org/wiki/File:Flag_of_Yemen.svg?uselang=fr"
  },
  {
    "country": "Algérie",
    "capital": "Alger",
    "flagThumbUrl": "https://upload.wikimedia.org/wikipedia/commons/thumb/7/77/Flag_of_Algeria.svg/20px-Flag_of_Algeria.svg.png",
    "flagLinkUrl": "https://commons.wikimedia.org/wiki/File:Flag_of_Algeria.svg?uselang=fr"
  },
  {
    "country": "Niue",
    "capital": "Alofi",
    "flagThumbUrl": "https://upload.wikimedia.org/wikipedia/commons/thumb/0/01/Flag_of_Niue.svg/20px-Flag_of_Niue.svg.png",
    "flagLinkUrl": "https://commons.wikimedia.org/wiki/File:Flag_of_Niue.svg?uselang=fr"
  },
  {
    "country": "Jordanie",
    "capital": "Amman",
    "flagThumbUrl": "https://upload.wikimedia.org/wikipedia/commons/thumb/c/c0/Flag_of_Jordan.svg/20px-Flag_of_Jordan.svg.png",
    "flagLinkUrl": "https://commons.wikimedia.org/wiki/File:Flag_of_Jordan.svg?uselang=fr"
  },
  {
    "country": "Pays-Bas",
    "capital": "Amsterdam (officielle)",
    "flagThumbUrl": "https://upload.wikimedia.org/wikipedia/commons/thumb/2/20/Flag_of_the_Netherlands.svg/20px-Flag_of_the_Netherlands.svg.png",
    "flagLinkUrl": "https://commons.wikimedia.org/wiki/File:Flag_of_the_Netherlands.svg?uselang=fr"
  },
  {
    "country": "Andorre",
    "capital": "Andorre-la-Vieille",
    "flagThumbUrl": "https://upload.wikimedia.org/wikipedia/commons/thumb/1/19/Flag_of_Andorra.svg/20px-Flag_of_Andorra.svg.png",
    "flagLinkUrl": "https://commons.wikimedia.org/wiki/File:Flag_of_Andorra.svg?uselang=fr"
  },
  {
    "country": "Turquie",
    "capital": "Ankara",
    "flagThumbUrl": "https://upload.wikimedia.org/wikipedia/commons/thumb/b/b4/Flag_of_Turkey.svg/20px-Flag_of_Turkey.svg.png",
    "flagLinkUrl": "https://commons.wikimedia.org/wiki/File:Flag_of_Turkey.svg?uselang=fr"
  },
  {
    "country": "Madagascar",
    "capital": "Antananarivo ou Tananarive",
    "flagThumbUrl": "https://upload.wikimedia.org/wikipedia/commons/thumb/b/bc/Flag_of_Madagascar.svg/20px-Flag_of_Madagascar.svg.png",
    "flagLinkUrl": "https://commons.wikimedia.org/wiki/File:Flag_of_Madagascar.svg?uselang=fr"
  },
  {
    "country": "Samoa",
    "capital": "Apia",
    "flagThumbUrl": "https://upload.wikimedia.org/wikipedia/commons/thumb/3/31/Flag_of_Samoa.svg/20px-Flag_of_Samoa.svg.png",
    "flagLinkUrl": "https://commons.wikimedia.org/wiki/File:Flag_of_Samoa.svg?uselang=fr"
  },
  {
    "country": "Érythrée",
    "capital": "Asmara",
    "flagThumbUrl": "https://upload.wikimedia.org/wikipedia/commons/thumb/2/29/Flag_of_Eritrea.svg/20px-Flag_of_Eritrea.svg.png",
    "flagLinkUrl": "https://commons.wikimedia.org/wiki/File:Flag_of_Eritrea.svg?uselang=fr"
  },
  {
    "country": "Kazakhstan",
    "capital": "Astana",
    "flagThumbUrl": "https://upload.wikimedia.org/wikipedia/commons/thumb/d/d3/Flag_of_Kazakhstan.svg/20px-Flag_of_Kazakhstan.svg.png",
    "flagLinkUrl": "https://commons.wikimedia.org/wiki/File:Flag_of_Kazakhstan.svg?uselang=fr"
  },
  {
    "country": "Paraguay",
    "capital": "Asuncion",
    "flagThumbUrl": "https://upload.wikimedia.org/wikipedia/commons/thumb/2/27/Flag_of_Paraguay.svg/20px-Flag_of_Paraguay.svg.png",
    "flagLinkUrl": "https://commons.wikimedia.org/wiki/File:Flag_of_Paraguay.svg?uselang=fr"
  },
  {
    "country": "Grèce",
    "capital": "Athènes",
    "flagThumbUrl": "https://upload.wikimedia.org/wikipedia/commons/thumb/5/5c/Flag_of_Greece.svg/20px-Flag_of_Greece.svg.png",
    "flagLinkUrl": "https://commons.wikimedia.org/wiki/File:Flag_of_Greece.svg?uselang=fr"
  },
  {
    "country": "Îles Cook",
    "capital": "Avarua",
    "flagThumbUrl": "https://upload.wikimedia.org/wikipedia/commons/thumb/3/35/Flag_of_the_Cook_Islands.svg/20px-Flag_of_the_Cook_Islands.svg.png",
    "flagLinkUrl": "https://commons.wikimedia.org/wiki/File:Flag_of_the_Cook_Islands.svg?uselang=fr"
  },
  {
    "country": "Irak",
    "capital": "Bagdad",
    "flagThumbUrl": "https://upload.wikimedia.org/wikipedia/commons/thumb/f/f6/Flag_of_Iraq.svg/20px-Flag_of_Iraq.svg.png",
    "flagLinkUrl": "https://commons.wikimedia.org/wiki/File:Flag_of_Iraq.svg?uselang=fr"
  },
  {
    "country": "Azerbaïdjan",
    "capital": "Bakou",
    "flagThumbUrl": "https://upload.wikimedia.org/wikipedia/commons/thumb/d/dd/Flag_of_Azerbaijan.svg/20px-Flag_of_Azerbaijan.svg.png",
    "flagLinkUrl": "https://commons.wikimedia.org/wiki/File:Flag_of_Azerbaijan.svg?uselang=fr"
  },
  {
    "country": "Mali",
    "capital": "Bamako",
    "flagThumbUrl": "https://upload.wikimedia.org/wikipedia/commons/thumb/9/92/Flag_of_Mali.svg/20px-Flag_of_Mali.svg.png",
    "flagLinkUrl": "https://commons.wikimedia.org/wiki/File:Flag_of_Mali.svg?uselang=fr"
  },
  {
    "country": "Brunei",
    "capital": "Bandar Seri Begawan",
    "flagThumbUrl": "https://upload.wikimedia.org/wikipedia/commons/thumb/9/9c/Flag_of_Brunei.svg/20px-Flag_of_Brunei.svg.png",
    "flagLinkUrl": "https://commons.wikimedia.org/wiki/File:Flag_of_Brunei.svg?uselang=fr"
  },
  {
    "country": "Thaïlande",
    "capital": "Bangkok",
    "flagThumbUrl": "https://upload.wikimedia.org/wikipedia/commons/thumb/a/a9/Flag_of_Thailand.svg/20px-Flag_of_Thailand.svg.png",
    "flagLinkUrl": "https://commons.wikimedia.org/wiki/File:Flag_of_Thailand.svg?uselang=fr"
  },
  {
    "country": "République centrafricaine",
    "capital": "Bangui",
    "flagThumbUrl": "https://upload.wikimedia.org/wikipedia/commons/thumb/6/6f/Flag_of_the_Central_African_Republic.svg/20px-Flag_of_the_Central_African_Republic.svg.png",
    "flagLinkUrl": "https://commons.wikimedia.org/wiki/File:Flag_of_the_Central_African_Republic.svg?uselang=fr"
  },
  {
    "country": "Gambie",
    "capital": "Banjul",
    "flagThumbUrl": "https://upload.wikimedia.org/wikipedia/commons/thumb/7/77/Flag_of_The_Gambia.svg/20px-Flag_of_The_Gambia.svg.png",
    "flagLinkUrl": "https://commons.wikimedia.org/wiki/File:Flag_of_The_Gambia.svg?uselang=fr"
  },
  {
    "country": "Saint-Christophe-et-Niévès",
    "capital": "Basseterre",
    "flagThumbUrl": "https://upload.wikimedia.org/wikipedia/commons/thumb/f/fe/Flag_of_Saint_Kitts_and_Nevis.svg/20px-Flag_of_Saint_Kitts_and_Nevis.svg.png",
    "flagLinkUrl": "https://commons.wikimedia.org/wiki/File:Flag_of_Saint_Kitts_and_Nevis.svg?uselang=fr"
  },
  {
    "country": "Serbie",
    "capital": "Belgrade",
    "flagThumbUrl": "https://upload.wikimedia.org/wikipedia/commons/thumb/f/ff/Flag_of_Serbia.svg/20px-Flag_of_Serbia.svg.png",
    "flagLinkUrl": "https://commons.wikimedia.org/wiki/File:Flag_of_Serbia.svg?uselang=fr"
  },
  {
    "country": "Belize",
    "capital": "Belmopan",
    "flagThumbUrl": "https://upload.wikimedia.org/wikipedia/commons/thumb/e/e7/Flag_of_Belize.svg/20px-Flag_of_Belize.svg.png",
    "flagLinkUrl": "https://commons.wikimedia.org/wiki/File:Flag_of_Belize.svg?uselang=fr"
  },
  {
    "country": "Allemagne",
    "capital": "Berlin",
    "flagThumbUrl": "https://upload.wikimedia.org/wikipedia/commons/thumb/b/ba/Flag_of_Germany.svg/20px-Flag_of_Germany.svg.png",
    "flagLinkUrl": "https://commons.wikimedia.org/wiki/File:Flag_of_Germany.svg?uselang=fr"
  },
  {
    "country": "Suisse",
    "capital": "Berne (de facto)",
    "flagThumbUrl": "https://upload.wikimedia.org/wikipedia/commons/thumb/f/f3/Flag_of_Switzerland.svg/20px-Flag_of_Switzerland.svg.png",
    "flagLinkUrl": "https://commons.wikimedia.org/wiki/File:Flag_of_Switzerland.svg?uselang=fr"
  },
  {
    "country": "Liban",
    "capital": "Beyrouth",
    "flagThumbUrl": "https://upload.wikimedia.org/wikipedia/commons/thumb/5/59/Flag_of_Lebanon.svg/20px-Flag_of_Lebanon.svg.png",
    "flagLinkUrl": "https://commons.wikimedia.org/wiki/File:Flag_of_Lebanon.svg?uselang=fr"
  },
  {
    "country": "Kirghizistan",
    "capital": "Bichkek",
    "flagThumbUrl": "https://upload.wikimedia.org/wikipedia/commons/thumb/c/c7/Flag_of_Kyrgyzstan.svg/20px-Flag_of_Kyrgyzstan.svg.png",
    "flagLinkUrl": "https://commons.wikimedia.org/wiki/File:Flag_of_Kyrgyzstan.svg?uselang=fr"
  },
  {
    "country": "Guinée-Bissau",
    "capital": "Bissau",
    "flagThumbUrl": "https://upload.wikimedia.org/wikipedia/commons/thumb/0/01/Flag_of_Guinea-Bissau.svg/20px-Flag_of_Guinea-Bissau.svg.png",
    "flagLinkUrl": "https://commons.wikimedia.org/wiki/File:Flag_of_Guinea-Bissau.svg?uselang=fr"
  },
  {
    "country": "Afrique du Sud",
    "capital": "Bloemfontein (judiciaire)",
    "flagThumbUrl": "https://upload.wikimedia.org/wikipedia/commons/thumb/a/af/Flag_of_South_Africa.svg/20px-Flag_of_South_Africa.svg.png",
    "flagLinkUrl": "https://commons.wikimedia.org/wiki/File:Flag_of_South_Africa.svg?uselang=fr"
  },
  {
    "country": "Colombie",
    "capital": "Bogota",
    "flagThumbUrl": "https://upload.wikimedia.org/wikipedia/commons/thumb/2/21/Flag_of_Colombia.svg/20px-Flag_of_Colombia.svg.png",
    "flagLinkUrl": "https://commons.wikimedia.org/wiki/File:Flag_of_Colombia.svg?uselang=fr"
  },
  {
    "country": "Brésil",
    "capital": "Brasilia",
    "flagThumbUrl": "https://upload.wikimedia.org/wikipedia/commons/thumb/0/05/Flag_of_Brazil.svg/20px-Flag_of_Brazil.svg.png",
    "flagLinkUrl": "https://commons.wikimedia.org/wiki/File:Flag_of_Brazil.svg?uselang=fr"
  },
  {
    "country": "Slovaquie",
    "capital": "Bratislava",
    "flagThumbUrl": "https://upload.wikimedia.org/wikipedia/commons/thumb/e/e6/Flag_of_Slovakia.svg/20px-Flag_of_Slovakia.svg.png",
    "flagLinkUrl": "https://commons.wikimedia.org/wiki/File:Flag_of_Slovakia.svg?uselang=fr"
  },
  {
    "country": "République du Congo",
    "capital": "Brazzaville",
    "flagThumbUrl": "https://upload.wikimedia.org/wikipedia/commons/thumb/9/92/Flag_of_the_Republic_of_the_Congo.svg/20px-Flag_of_the_Republic_of_the_Congo.svg.png",
    "flagLinkUrl": "https://commons.wikimedia.org/wiki/File:Flag_of_the_Republic_of_the_Congo.svg?uselang=fr"
  },
  {
    "country": "Barbade",
    "capital": "Bridgetown",
    "flagThumbUrl": "https://upload.wikimedia.org/wikipedia/commons/thumb/e/ef/Flag_of_Barbados.svg/20px-Flag_of_Barbados.svg.png",
    "flagLinkUrl": "https://commons.wikimedia.org/wiki/File:Flag_of_Barbados.svg?uselang=fr"
  },
  {
    "country": "Belgique",
    "capital": "Bruxelles",
    "flagThumbUrl": "https://upload.wikimedia.org/wikipedia/commons/thumb/9/92/Flag_of_Belgium_%28civil%29.svg/20px-Flag_of_Belgium_%28civil%29.svg.png",
    "flagLinkUrl": "https://commons.wikimedia.org/wiki/File:Flag_of_Belgium_(civil).svg?uselang=fr"
  },
  {
    "country": "Roumanie",
    "capital": "Bucarest",
    "flagThumbUrl": "https://upload.wikimedia.org/wikipedia/commons/thumb/7/73/Flag_of_Romania.svg/20px-Flag_of_Romania.svg.png",
    "flagLinkUrl": "https://commons.wikimedia.org/wiki/File:Flag_of_Romania.svg?uselang=fr"
  },
  {
    "country": "Hongrie",
    "capital": "Budapest",
    "flagThumbUrl": "https://upload.wikimedia.org/wikipedia/commons/thumb/c/c1/Flag_of_Hungary.svg/20px-Flag_of_Hungary.svg.png",
    "flagLinkUrl": "https://commons.wikimedia.org/wiki/File:Flag_of_Hungary.svg?uselang=fr"
  },
  {
    "country": "Argentine",
    "capital": "Buenos Aires",
    "flagThumbUrl": "https://upload.wikimedia.org/wikipedia/commons/thumb/1/1a/Flag_of_Argentina.svg/20px-Flag_of_Argentina.svg.png",
    "flagLinkUrl": "https://commons.wikimedia.org/wiki/File:Flag_of_Argentina.svg?uselang=fr"
  },
  {
    "country": "Burundi",
    "capital": "Bujumbura (de facto)",
    "flagThumbUrl": "https://upload.wikimedia.org/wikipedia/commons/thumb/5/50/Flag_of_Burundi.svg/20px-Flag_of_Burundi.svg.png",
    "flagLinkUrl": "https://commons.wikimedia.org/wiki/File:Flag_of_Burundi.svg?uselang=fr"
  },
  {
    "country": "Égypte",
    "capital": "Le Caire",
    "flagThumbUrl": "https://upload.wikimedia.org/wikipedia/commons/thumb/f/fe/Flag_of_Egypt.svg/20px-Flag_of_Egypt.svg.png",
    "flagLinkUrl": "https://commons.wikimedia.org/wiki/File:Flag_of_Egypt.svg?uselang=fr"
  },
  {
    "country": "Australie",
    "capital": "Canberra",
    "flagThumbUrl": "https://upload.wikimedia.org/wikipedia/commons/thumb/b/b9/Flag_of_Australia.svg/20px-Flag_of_Australia.svg.png",
    "flagLinkUrl": "https://commons.wikimedia.org/wiki/File:Flag_of_Australia.svg?uselang=fr"
  },
  {
    "country": "Venezuela",
    "capital": "Caracas",
    "flagThumbUrl": "https://upload.wikimedia.org/wikipedia/commons/thumb/0/06/Flag_of_Venezuela.svg/20px-Flag_of_Venezuela.svg.png",
    "flagLinkUrl": "https://commons.wikimedia.org/wiki/File:Flag_of_Venezuela.svg?uselang=fr"
  },
  {
    "country": "Sainte-Lucie",
    "capital": "Castries",
    "flagThumbUrl": "https://upload.wikimedia.org/wikipedia/commons/thumb/9/9f/Flag_of_Saint_Lucia.svg/20px-Flag_of_Saint_Lucia.svg.png",
    "flagLinkUrl": "https://commons.wikimedia.org/wiki/File:Flag_of_Saint_Lucia.svg?uselang=fr"
  },
  {
    "country": "Monténégro",
    "capital": "Cetinje (présidentielle)",
    "flagThumbUrl": "https://upload.wikimedia.org/wikipedia/commons/thumb/6/64/Flag_of_Montenegro.svg/20px-Flag_of_Montenegro.svg.png",
    "flagLinkUrl": "https://commons.wikimedia.org/wiki/File:Flag_of_Montenegro.svg?uselang=fr"
  },
  {
    "country": "Moldavie",
    "capital": "Chisinau",
    "flagThumbUrl": "https://upload.wikimedia.org/wikipedia/commons/thumb/2/27/Flag_of_Moldova.svg/20px-Flag_of_Moldova.svg.png",
    "flagLinkUrl": "https://commons.wikimedia.org/wiki/File:Flag_of_Moldova.svg?uselang=fr"
  },
  {
    "country": "Guinée équatoriale",
    "capital": "Ciudad de la Paz",
    "flagThumbUrl": "https://upload.wikimedia.org/wikipedia/commons/thumb/3/31/Flag_of_Equatorial_Guinea.svg/20px-Flag_of_Equatorial_Guinea.svg.png",
    "flagLinkUrl": "https://commons.wikimedia.org/wiki/File:Flag_of_Equatorial_Guinea.svg?uselang=fr"
  },
  {
    "country": "Sri Lanka",
    "capital": "Colombo (exécutive et judiciaire)",
    "flagThumbUrl": "https://upload.wikimedia.org/wikipedia/commons/thumb/1/11/Flag_of_Sri_Lanka.svg/20px-Flag_of_Sri_Lanka.svg.png",
    "flagLinkUrl": "https://commons.wikimedia.org/wiki/File:Flag_of_Sri_Lanka.svg?uselang=fr"
  },
  {
    "country": "Honduras",
    "capital": "Comayagüela",
    "flagThumbUrl": "https://upload.wikimedia.org/wikipedia/commons/thumb/7/79/Flag_of_Honduras_%281949%E2%80%932022%2C_2026%E2%80%93present%29.svg/20px-Flag_of_Honduras_%281949%E2%80%932022%2C_2026%E2%80%93present%29.svg.png",
    "flagLinkUrl": "https://commons.wikimedia.org/wiki/File:Flag_of_Honduras_(1949%E2%80%932022,_2026%E2%80%93present).svg?uselang=fr"
  },
  {
    "country": "Guinée",
    "capital": "Conakry",
    "flagThumbUrl": "https://upload.wikimedia.org/wikipedia/commons/thumb/e/ed/Flag_of_Guinea.svg/20px-Flag_of_Guinea.svg.png",
    "flagLinkUrl": "https://commons.wikimedia.org/wiki/File:Flag_of_Guinea.svg?uselang=fr"
  },
  {
    "country": "Danemark",
    "capital": "Copenhague",
    "flagThumbUrl": "https://upload.wikimedia.org/wikipedia/commons/thumb/9/9c/Flag_of_Denmark.svg/20px-Flag_of_Denmark.svg.png",
    "flagLinkUrl": "https://commons.wikimedia.org/wiki/File:Flag_of_Denmark.svg?uselang=fr"
  },
  {
    "country": "Bénin",
    "capital": "Cotonou (de facto)",
    "flagThumbUrl": "https://upload.wikimedia.org/wikipedia/commons/thumb/0/0a/Flag_of_Benin.svg/20px-Flag_of_Benin.svg.png",
    "flagLinkUrl": "https://commons.wikimedia.org/wiki/File:Flag_of_Benin.svg?uselang=fr"
  },
  {
    "country": "Sénégal",
    "capital": "Dakar",
    "flagThumbUrl": "https://upload.wikimedia.org/wikipedia/commons/thumb/f/fd/Flag_of_Senegal.svg/20px-Flag_of_Senegal.svg.png",
    "flagLinkUrl": "https://commons.wikimedia.org/wiki/File:Flag_of_Senegal.svg?uselang=fr"
  },
  {
    "country": "Syrie",
    "capital": "Damas",
    "flagThumbUrl": "https://upload.wikimedia.org/wikipedia/commons/thumb/5/54/Flag_of_Syria_%282025-%29.svg/20px-Flag_of_Syria_%282025-%29.svg.png",
    "flagLinkUrl": "https://commons.wikimedia.org/wiki/File:Flag_of_Syria_(2025-).svg?uselang=fr"
  },
  {
    "country": "Bangladesh",
    "capital": "Dacca",
    "flagThumbUrl": "https://upload.wikimedia.org/wikipedia/commons/thumb/f/f9/Flag_of_Bangladesh.svg/20px-Flag_of_Bangladesh.svg.png",
    "flagLinkUrl": "https://commons.wikimedia.org/wiki/File:Flag_of_Bangladesh.svg?uselang=fr"
  },
  {
    "country": "Tanzanie",
    "capital": "Dar es Salam (de facto, judiciaire)",
    "flagThumbUrl": "https://upload.wikimedia.org/wikipedia/commons/thumb/3/38/Flag_of_Tanzania.svg/20px-Flag_of_Tanzania.svg.png",
    "flagLinkUrl": "https://commons.wikimedia.org/wiki/File:Flag_of_Tanzania.svg?uselang=fr"
  },
  {
    "country": "Timor oriental",
    "capital": "Dili",
    "flagThumbUrl": "https://upload.wikimedia.org/wikipedia/commons/thumb/2/26/Flag_of_East_Timor.svg/20px-Flag_of_East_Timor.svg.png",
    "flagLinkUrl": "https://commons.wikimedia.org/wiki/File:Flag_of_East_Timor.svg?uselang=fr"
  },
  {
    "country": "Djibouti",
    "capital": "Djibouti",
    "flagThumbUrl": "https://upload.wikimedia.org/wikipedia/commons/thumb/3/34/Flag_of_Djibouti.svg/20px-Flag_of_Djibouti.svg.png",
    "flagLinkUrl": "https://commons.wikimedia.org/wiki/File:Flag_of_Djibouti.svg?uselang=fr"
  },
  {
    "country": "Soudan du Sud",
    "capital": "Djouba",
    "flagThumbUrl": "https://upload.wikimedia.org/wikipedia/commons/thumb/7/7a/Flag_of_South_Sudan.svg/20px-Flag_of_South_Sudan.svg.png",
    "flagLinkUrl": "https://commons.wikimedia.org/wiki/File:Flag_of_South_Sudan.svg?uselang=fr"
  },
  {
    "country": "Qatar",
    "capital": "Doha",
    "flagThumbUrl": "https://upload.wikimedia.org/wikipedia/commons/thumb/6/65/Flag_of_Qatar.svg/20px-Flag_of_Qatar.svg.png",
    "flagLinkUrl": "https://commons.wikimedia.org/wiki/File:Flag_of_Qatar.svg?uselang=fr"
  },
  {
    "country": "Tadjikistan",
    "capital": "Douchanbé",
    "flagThumbUrl": "https://upload.wikimedia.org/wikipedia/commons/thumb/d/d0/Flag_of_Tajikistan.svg/20px-Flag_of_Tajikistan.svg.png",
    "flagLinkUrl": "https://commons.wikimedia.org/wiki/File:Flag_of_Tajikistan.svg?uselang=fr"
  },
  {
    "country": "Irlande",
    "capital": "Dublin",
    "flagThumbUrl": "https://upload.wikimedia.org/wikipedia/commons/thumb/4/45/Flag_of_Ireland.svg/20px-Flag_of_Ireland.svg.png",
    "flagLinkUrl": "https://commons.wikimedia.org/wiki/File:Flag_of_Ireland.svg?uselang=fr"
  },
  {
    "country": "Arménie",
    "capital": "Erevan",
    "flagThumbUrl": "https://upload.wikimedia.org/wikipedia/commons/thumb/2/2f/Flag_of_Armenia.svg/20px-Flag_of_Armenia.svg.png",
    "flagLinkUrl": "https://commons.wikimedia.org/wiki/File:Flag_of_Armenia.svg?uselang=fr"
  },
  {
    "country": "Sierra Leone",
    "capital": "Freetown",
    "flagThumbUrl": "https://upload.wikimedia.org/wikipedia/commons/thumb/1/17/Flag_of_Sierra_Leone.svg/20px-Flag_of_Sierra_Leone.svg.png",
    "flagLinkUrl": "https://commons.wikimedia.org/wiki/File:Flag_of_Sierra_Leone.svg?uselang=fr"
  },
  {
    "country": "Tuvalu",
    "capital": "Funafuti (Vaiaku)",
    "flagThumbUrl": "https://upload.wikimedia.org/wikipedia/commons/thumb/3/38/Flag_of_Tuvalu.svg/20px-Flag_of_Tuvalu.svg.png",
    "flagLinkUrl": "https://commons.wikimedia.org/wiki/File:Flag_of_Tuvalu.svg?uselang=fr"
  },
  {
    "country": "Botswana",
    "capital": "Gaborone",
    "flagThumbUrl": "https://upload.wikimedia.org/wikipedia/commons/thumb/f/fa/Flag_of_Botswana.svg/20px-Flag_of_Botswana.svg.png",
    "flagLinkUrl": "https://commons.wikimedia.org/wiki/File:Flag_of_Botswana.svg?uselang=fr"
  },
  {
    "country": "Guyana",
    "capital": "Georgetown",
    "flagThumbUrl": "https://upload.wikimedia.org/wikipedia/commons/thumb/9/99/Flag_of_Guyana.svg/20px-Flag_of_Guyana.svg.png",
    "flagLinkUrl": "https://commons.wikimedia.org/wiki/File:Flag_of_Guyana.svg?uselang=fr"
  },
  {
    "country": "Guatemala",
    "capital": "Guatemala",
    "flagThumbUrl": "https://upload.wikimedia.org/wikipedia/commons/thumb/e/ec/Flag_of_Guatemala.svg/20px-Flag_of_Guatemala.svg.png",
    "flagLinkUrl": "https://commons.wikimedia.org/wiki/File:Flag_of_Guatemala.svg?uselang=fr"
  },
  {
    "country": "Vietnam",
    "capital": "Hanoï",
    "flagThumbUrl": "https://upload.wikimedia.org/wikipedia/commons/thumb/2/21/Flag_of_Vietnam.svg/20px-Flag_of_Vietnam.svg.png",
    "flagLinkUrl": "https://commons.wikimedia.org/wiki/File:Flag_of_Vietnam.svg?uselang=fr"
  },
  {
    "country": "Zimbabwe",
    "capital": "Harare",
    "flagThumbUrl": "https://upload.wikimedia.org/wikipedia/commons/thumb/6/6a/Flag_of_Zimbabwe.svg/20px-Flag_of_Zimbabwe.svg.png",
    "flagLinkUrl": "https://commons.wikimedia.org/wiki/File:Flag_of_Zimbabwe.svg?uselang=fr"
  },
  {
    "country": "Cuba",
    "capital": "La Havane",
    "flagThumbUrl": "https://upload.wikimedia.org/wikipedia/commons/thumb/b/bd/Flag_of_Cuba.svg/20px-Flag_of_Cuba.svg.png",
    "flagLinkUrl": "https://commons.wikimedia.org/wiki/File:Flag_of_Cuba.svg?uselang=fr"
  },
  {
    "country": "Finlande",
    "capital": "Helsinki",
    "flagThumbUrl": "https://upload.wikimedia.org/wikipedia/commons/thumb/b/bc/Flag_of_Finland.svg/20px-Flag_of_Finland.svg.png",
    "flagLinkUrl": "https://commons.wikimedia.org/wiki/File:Flag_of_Finland.svg?uselang=fr"
  },
  {
    "country": "Îles Salomon",
    "capital": "Honiara",
    "flagThumbUrl": "https://upload.wikimedia.org/wikipedia/commons/thumb/7/74/Flag_of_the_Solomon_Islands.svg/20px-Flag_of_the_Solomon_Islands.svg.png",
    "flagLinkUrl": "https://commons.wikimedia.org/wiki/File:Flag_of_the_Solomon_Islands.svg?uselang=fr"
  },
  {
    "country": "Pakistan",
    "capital": "Islamabad",
    "flagThumbUrl": "https://upload.wikimedia.org/wikipedia/commons/thumb/3/32/Flag_of_Pakistan.svg/20px-Flag_of_Pakistan.svg.png",
    "flagLinkUrl": "https://commons.wikimedia.org/wiki/File:Flag_of_Pakistan.svg?uselang=fr"
  },
  {
    "country": "Indonésie",
    "capital": "Jakarta (de facto)",
    "flagThumbUrl": "https://upload.wikimedia.org/wikipedia/commons/thumb/9/9f/Flag_of_Indonesia.svg/20px-Flag_of_Indonesia.svg.png",
    "flagLinkUrl": "https://commons.wikimedia.org/wiki/File:Flag_of_Indonesia.svg?uselang=fr"
  },
  {
    "country": "Israël",
    "capital": "Jérusalem (non reconnue internationalement)",
    "flagThumbUrl": "https://upload.wikimedia.org/wikipedia/commons/thumb/d/d4/Flag_of_Israel.svg/20px-Flag_of_Israel.svg.png",
    "flagLinkUrl": "https://commons.wikimedia.org/wiki/File:Flag_of_Israel.svg?uselang=fr"
  },
  {
    "country": "Palestine[2]",
    "capital": "Jérusalem (proclamée)",
    "flagThumbUrl": "https://upload.wikimedia.org/wikipedia/commons/thumb/0/00/Flag_of_Palestine.svg/20px-Flag_of_Palestine.svg.png",
    "flagLinkUrl": "https://commons.wikimedia.org/wiki/File:Flag_of_Palestine.svg?uselang=fr"
  },
  {
    "country": "Afghanistan",
    "capital": "Kaboul",
    "flagThumbUrl": "https://upload.wikimedia.org/wikipedia/commons/thumb/5/5c/Flag_of_the_Taliban.svg/20px-Flag_of_the_Taliban.svg.png",
    "flagLinkUrl": "https://commons.wikimedia.org/wiki/File:Flag_of_the_Taliban.svg?uselang=fr"
  },
  {
    "country": "Ouganda",
    "capital": "Kampala",
    "flagThumbUrl": "https://upload.wikimedia.org/wikipedia/commons/thumb/4/4e/Flag_of_Uganda.svg/20px-Flag_of_Uganda.svg.png",
    "flagLinkUrl": "https://commons.wikimedia.org/wiki/File:Flag_of_Uganda.svg?uselang=fr"
  },
  {
    "country": "Népal",
    "capital": "Katmandou",
    "flagThumbUrl": "https://upload.wikimedia.org/wikipedia/commons/thumb/9/9b/Flag_of_Nepal.svg/20px-Flag_of_Nepal.svg.png",
    "flagLinkUrl": "https://commons.wikimedia.org/wiki/File:Flag_of_Nepal.svg?uselang=fr"
  },
  {
    "country": "Soudan",
    "capital": "Khartoum",
    "flagThumbUrl": "https://upload.wikimedia.org/wikipedia/commons/thumb/0/01/Flag_of_Sudan.svg/20px-Flag_of_Sudan.svg.png",
    "flagLinkUrl": "https://commons.wikimedia.org/wiki/File:Flag_of_Sudan.svg?uselang=fr"
  },
  {
    "country": "Ukraine",
    "capital": "Kiev",
    "flagThumbUrl": "https://upload.wikimedia.org/wikipedia/commons/thumb/4/49/Flag_of_Ukraine.svg/20px-Flag_of_Ukraine.svg.png",
    "flagLinkUrl": "https://commons.wikimedia.org/wiki/File:Flag_of_Ukraine.svg?uselang=fr"
  },
  {
    "country": "Rwanda",
    "capital": "Kigali",
    "flagThumbUrl": "https://upload.wikimedia.org/wikipedia/commons/thumb/1/17/Flag_of_Rwanda.svg/20px-Flag_of_Rwanda.svg.png",
    "flagLinkUrl": "https://commons.wikimedia.org/wiki/File:Flag_of_Rwanda.svg?uselang=fr"
  },
  {
    "country": "Jamaïque",
    "capital": "Kingston",
    "flagThumbUrl": "https://upload.wikimedia.org/wikipedia/commons/thumb/0/0a/Flag_of_Jamaica.svg/20px-Flag_of_Jamaica.svg.png",
    "flagLinkUrl": "https://commons.wikimedia.org/wiki/File:Flag_of_Jamaica.svg?uselang=fr"
  },
  {
    "country": "Saint-Vincent-et-les-Grenadines",
    "capital": "Kingstown",
    "flagThumbUrl": "https://upload.wikimedia.org/wikipedia/commons/thumb/6/6d/Flag_of_Saint_Vincent_and_the_Grenadines.svg/20px-Flag_of_Saint_Vincent_and_the_Grenadines.svg.png",
    "flagLinkUrl": "https://commons.wikimedia.org/wiki/File:Flag_of_Saint_Vincent_and_the_Grenadines.svg?uselang=fr"
  },
  {
    "country": "République démocratique du Congo",
    "capital": "Kinshasa",
    "flagThumbUrl": "https://upload.wikimedia.org/wikipedia/commons/thumb/6/6f/Flag_of_the_Democratic_Republic_of_the_Congo.svg/20px-Flag_of_the_Democratic_Republic_of_the_Congo.svg.png",
    "flagLinkUrl": "https://commons.wikimedia.org/wiki/File:Flag_of_the_Democratic_Republic_of_the_Congo.svg?uselang=fr"
  },
  {
    "country": "Palaos",
    "capital": "Melekeok (Ngerulmud)",
    "flagThumbUrl": "https://upload.wikimedia.org/wikipedia/commons/thumb/4/48/Flag_of_Palau.svg/20px-Flag_of_Palau.svg.png",
    "flagLinkUrl": "https://commons.wikimedia.org/wiki/File:Flag_of_Palau.svg?uselang=fr"
  },
  {
    "country": "Koweït",
    "capital": "Koweït",
    "flagThumbUrl": "https://upload.wikimedia.org/wikipedia/commons/thumb/a/aa/Flag_of_Kuwait.svg/20px-Flag_of_Kuwait.svg.png",
    "flagLinkUrl": "https://commons.wikimedia.org/wiki/File:Flag_of_Kuwait.svg?uselang=fr"
  },
  {
    "country": "Malaisie",
    "capital": "Kuala Lumpur (officielle)",
    "flagThumbUrl": "https://upload.wikimedia.org/wikipedia/commons/thumb/6/66/Flag_of_Malaysia.svg/20px-Flag_of_Malaysia.svg.png",
    "flagLinkUrl": "https://commons.wikimedia.org/wiki/File:Flag_of_Malaysia.svg?uselang=fr"
  },
  {
    "country": "Gabon",
    "capital": "Libreville",
    "flagThumbUrl": "https://upload.wikimedia.org/wikipedia/commons/thumb/0/04/Flag_of_Gabon.svg/20px-Flag_of_Gabon.svg.png",
    "flagLinkUrl": "https://commons.wikimedia.org/wiki/File:Flag_of_Gabon.svg?uselang=fr"
  },
  {
    "country": "Malawi",
    "capital": "Lilongwe",
    "flagThumbUrl": "https://upload.wikimedia.org/wikipedia/commons/thumb/d/d1/Flag_of_Malawi.svg/20px-Flag_of_Malawi.svg.png",
    "flagLinkUrl": "https://commons.wikimedia.org/wiki/File:Flag_of_Malawi.svg?uselang=fr"
  },
  {
    "country": "Pérou",
    "capital": "Lima",
    "flagThumbUrl": "https://upload.wikimedia.org/wikipedia/commons/thumb/c/cf/Flag_of_Peru.svg/20px-Flag_of_Peru.svg.png",
    "flagLinkUrl": "https://commons.wikimedia.org/wiki/File:Flag_of_Peru.svg?uselang=fr"
  },
  {
    "country": "Portugal",
    "capital": "Lisbonne",
    "flagThumbUrl": "https://upload.wikimedia.org/wikipedia/commons/thumb/5/5c/Flag_of_Portugal.svg/20px-Flag_of_Portugal.svg.png",
    "flagLinkUrl": "https://commons.wikimedia.org/wiki/File:Flag_of_Portugal.svg?uselang=fr"
  },
  {
    "country": "Slovénie",
    "capital": "Ljubljana",
    "flagThumbUrl": "https://upload.wikimedia.org/wikipedia/commons/thumb/f/f0/Flag_of_Slovenia.svg/20px-Flag_of_Slovenia.svg.png",
    "flagLinkUrl": "https://commons.wikimedia.org/wiki/File:Flag_of_Slovenia.svg?uselang=fr"
  },
  {
    "country": "Togo",
    "capital": "Lomé",
    "flagThumbUrl": "https://upload.wikimedia.org/wikipedia/commons/thumb/7/7a/Flag_of_Togo_%283-2%29.svg/20px-Flag_of_Togo_%283-2%29.svg.png",
    "flagLinkUrl": "https://commons.wikimedia.org/wiki/File:Flag_of_Togo_(3-2).svg?uselang=fr"
  },
  {
    "country": "Royaume-Uni",
    "capital": "Londres",
    "flagThumbUrl": "https://upload.wikimedia.org/wikipedia/commons/thumb/8/83/Flag_of_the_United_Kingdom_%283-5%29.svg/20px-Flag_of_the_United_Kingdom_%283-5%29.svg.png",
    "flagLinkUrl": "https://commons.wikimedia.org/wiki/File:Flag_of_the_United_Kingdom_(3-5).svg?uselang=fr"
  },
  {
    "country": "Angola",
    "capital": "Luanda",
    "flagThumbUrl": "https://upload.wikimedia.org/wikipedia/commons/thumb/9/9d/Flag_of_Angola.svg/20px-Flag_of_Angola.svg.png",
    "flagLinkUrl": "https://commons.wikimedia.org/wiki/File:Flag_of_Angola.svg?uselang=fr"
  },
  {
    "country": "Zambie",
    "capital": "Lusaka",
    "flagThumbUrl": "https://upload.wikimedia.org/wikipedia/commons/thumb/0/06/Flag_of_Zambia.svg/20px-Flag_of_Zambia.svg.png",
    "flagLinkUrl": "https://commons.wikimedia.org/wiki/File:Flag_of_Zambia.svg?uselang=fr"
  },
  {
    "country": "Luxembourg",
    "capital": "Luxembourg",
    "flagThumbUrl": "https://upload.wikimedia.org/wikipedia/commons/thumb/d/da/Flag_of_Luxembourg.svg/20px-Flag_of_Luxembourg.svg.png",
    "flagLinkUrl": "https://commons.wikimedia.org/wiki/File:Flag_of_Luxembourg.svg?uselang=fr"
  },
  {
    "country": "Espagne",
    "capital": "Madrid",
    "flagThumbUrl": "https://upload.wikimedia.org/wikipedia/commons/thumb/9/9a/Flag_of_Spain.svg/20px-Flag_of_Spain.svg.png",
    "flagLinkUrl": "https://commons.wikimedia.org/wiki/File:Flag_of_Spain.svg?uselang=fr"
  },
  {
    "country": "Îles Marshall",
    "capital": "Majuro (Delap-Uliga-Darrit)",
    "flagThumbUrl": "https://upload.wikimedia.org/wikipedia/commons/thumb/2/2e/Flag_of_the_Marshall_Islands.svg/20px-Flag_of_the_Marshall_Islands.svg.png",
    "flagLinkUrl": "https://commons.wikimedia.org/wiki/File:Flag_of_the_Marshall_Islands.svg?uselang=fr"
  },
  {
    "country": "Maldives",
    "capital": "Malé",
    "flagThumbUrl": "https://upload.wikimedia.org/wikipedia/commons/thumb/0/0f/Flag_of_Maldives.svg/20px-Flag_of_Maldives.svg.png",
    "flagLinkUrl": "https://commons.wikimedia.org/wiki/File:Flag_of_Maldives.svg?uselang=fr"
  },
  {
    "country": "Nicaragua",
    "capital": "Managua",
    "flagThumbUrl": "https://upload.wikimedia.org/wikipedia/commons/thumb/1/19/Flag_of_Nicaragua.svg/20px-Flag_of_Nicaragua.svg.png",
    "flagLinkUrl": "https://commons.wikimedia.org/wiki/File:Flag_of_Nicaragua.svg?uselang=fr"
  },
  {
    "country": "Bahreïn",
    "capital": "Manama",
    "flagThumbUrl": "https://upload.wikimedia.org/wikipedia/commons/thumb/2/2c/Flag_of_Bahrain.svg/20px-Flag_of_Bahrain.svg.png",
    "flagLinkUrl": "https://commons.wikimedia.org/wiki/File:Flag_of_Bahrain.svg?uselang=fr"
  },
  {
    "country": "Philippines",
    "capital": "Manille",
    "flagThumbUrl": "https://upload.wikimedia.org/wikipedia/commons/thumb/9/99/Flag_of_the_Philippines.svg/20px-Flag_of_the_Philippines.svg.png",
    "flagLinkUrl": "https://commons.wikimedia.org/wiki/File:Flag_of_the_Philippines.svg?uselang=fr"
  },
  {
    "country": "Mozambique",
    "capital": "Maputo",
    "flagThumbUrl": "https://upload.wikimedia.org/wikipedia/commons/thumb/d/d0/Flag_of_Mozambique.svg/20px-Flag_of_Mozambique.svg.png",
    "flagLinkUrl": "https://commons.wikimedia.org/wiki/File:Flag_of_Mozambique.svg?uselang=fr"
  },
  {
    "country": "Oman",
    "capital": "Mascate",
    "flagThumbUrl": "https://upload.wikimedia.org/wikipedia/commons/thumb/d/dd/Flag_of_Oman.svg/20px-Flag_of_Oman.svg.png",
    "flagLinkUrl": "https://commons.wikimedia.org/wiki/File:Flag_of_Oman.svg?uselang=fr"
  },
  {
    "country": "Lesotho",
    "capital": "Maseru",
    "flagThumbUrl": "https://upload.wikimedia.org/wikipedia/commons/thumb/4/4a/Flag_of_Lesotho.svg/20px-Flag_of_Lesotho.svg.png",
    "flagLinkUrl": "https://commons.wikimedia.org/wiki/File:Flag_of_Lesotho.svg?uselang=fr"
  },
  {
    "country": "Eswatini",
    "capital": "Mbabane",
    "flagThumbUrl": "https://upload.wikimedia.org/wikipedia/commons/thumb/f/fb/Flag_of_Eswatini.svg/20px-Flag_of_Eswatini.svg.png",
    "flagLinkUrl": "https://commons.wikimedia.org/wiki/File:Flag_of_Eswatini.svg?uselang=fr"
  },
  {
    "country": "Mexique",
    "capital": "Mexico",
    "flagThumbUrl": "https://upload.wikimedia.org/wikipedia/commons/thumb/f/fc/Flag_of_Mexico.svg/20px-Flag_of_Mexico.svg.png",
    "flagLinkUrl": "https://commons.wikimedia.org/wiki/File:Flag_of_Mexico.svg?uselang=fr"
  },
  {
    "country": "Biélorussie",
    "capital": "Minsk",
    "flagThumbUrl": "https://upload.wikimedia.org/wikipedia/commons/thumb/8/85/Flag_of_Belarus.svg/20px-Flag_of_Belarus.svg.png",
    "flagLinkUrl": "https://commons.wikimedia.org/wiki/File:Flag_of_Belarus.svg?uselang=fr"
  },
  {
    "country": "Somalie",
    "capital": "Mogadiscio",
    "flagThumbUrl": "https://upload.wikimedia.org/wikipedia/commons/thumb/a/a0/Flag_of_Somalia.svg/20px-Flag_of_Somalia.svg.png",
    "flagLinkUrl": "https://commons.wikimedia.org/wiki/File:Flag_of_Somalia.svg?uselang=fr"
  },
  {
    "country": "Monaco",
    "capital": "Monaco",
    "flagThumbUrl": "https://upload.wikimedia.org/wikipedia/commons/thumb/e/ea/Flag_of_Monaco.svg/20px-Flag_of_Monaco.svg.png",
    "flagLinkUrl": "https://commons.wikimedia.org/wiki/File:Flag_of_Monaco.svg?uselang=fr"
  },
  {
    "country": "Liberia",
    "capital": "Monrovia",
    "flagThumbUrl": "https://upload.wikimedia.org/wikipedia/commons/thumb/b/b8/Flag_of_Liberia.svg/20px-Flag_of_Liberia.svg.png",
    "flagLinkUrl": "https://commons.wikimedia.org/wiki/File:Flag_of_Liberia.svg?uselang=fr"
  },
  {
    "country": "Uruguay",
    "capital": "Montevideo",
    "flagThumbUrl": "https://upload.wikimedia.org/wikipedia/commons/thumb/f/fe/Flag_of_Uruguay.svg/20px-Flag_of_Uruguay.svg.png",
    "flagLinkUrl": "https://commons.wikimedia.org/wiki/File:Flag_of_Uruguay.svg?uselang=fr"
  },
  {
    "country": "Comores",
    "capital": "Moroni",
    "flagThumbUrl": "https://upload.wikimedia.org/wikipedia/commons/thumb/9/94/Flag_of_the_Comoros.svg/20px-Flag_of_the_Comoros.svg.png",
    "flagLinkUrl": "https://commons.wikimedia.org/wiki/File:Flag_of_the_Comoros.svg?uselang=fr"
  },
  {
    "country": "Russie",
    "capital": "Moscou",
    "flagThumbUrl": "https://upload.wikimedia.org/wikipedia/commons/thumb/f/f3/Flag_of_Russia.svg/20px-Flag_of_Russia.svg.png",
    "flagLinkUrl": "https://commons.wikimedia.org/wiki/File:Flag_of_Russia.svg?uselang=fr"
  },
  {
    "country": "Kenya",
    "capital": "Nairobi",
    "flagThumbUrl": "https://upload.wikimedia.org/wikipedia/commons/thumb/4/49/Flag_of_Kenya.svg/20px-Flag_of_Kenya.svg.png",
    "flagLinkUrl": "https://commons.wikimedia.org/wiki/File:Flag_of_Kenya.svg?uselang=fr"
  },
  {
    "country": "Bahamas",
    "capital": "Nassau",
    "flagThumbUrl": "https://upload.wikimedia.org/wikipedia/commons/thumb/9/93/Flag_of_the_Bahamas.svg/20px-Flag_of_the_Bahamas.svg.png",
    "flagLinkUrl": "https://commons.wikimedia.org/wiki/File:Flag_of_the_Bahamas.svg?uselang=fr"
  },
  {
    "country": "Birmanie",
    "capital": "Naypyidaw",
    "flagThumbUrl": "https://upload.wikimedia.org/wikipedia/commons/thumb/8/8c/Flag_of_Myanmar.svg/20px-Flag_of_Myanmar.svg.png",
    "flagLinkUrl": "https://commons.wikimedia.org/wiki/File:Flag_of_Myanmar.svg?uselang=fr"
  },
  {
    "country": "Tchad",
    "capital": "N'Djaména",
    "flagThumbUrl": "https://upload.wikimedia.org/wikipedia/commons/thumb/4/4b/Flag_of_Chad.svg/20px-Flag_of_Chad.svg.png",
    "flagLinkUrl": "https://commons.wikimedia.org/wiki/File:Flag_of_Chad.svg?uselang=fr"
  },
  {
    "country": "Inde",
    "capital": "New Delhi",
    "flagThumbUrl": "https://upload.wikimedia.org/wikipedia/commons/thumb/4/41/Flag_of_India.svg/20px-Flag_of_India.svg.png",
    "flagLinkUrl": "https://commons.wikimedia.org/wiki/File:Flag_of_India.svg?uselang=fr"
  },
  {
    "country": "Niger",
    "capital": "Niamey",
    "flagThumbUrl": "https://upload.wikimedia.org/wikipedia/commons/thumb/f/f4/Flag_of_Niger.svg/20px-Flag_of_Niger.svg.png",
    "flagLinkUrl": "https://commons.wikimedia.org/wiki/File:Flag_of_Niger.svg?uselang=fr"
  },
  {
    "country": "Chypre",
    "capital": "Nicosie",
    "flagThumbUrl": "https://upload.wikimedia.org/wikipedia/commons/thumb/d/d4/Flag_of_Cyprus.svg/20px-Flag_of_Cyprus.svg.png",
    "flagLinkUrl": "https://commons.wikimedia.org/wiki/File:Flag_of_Cyprus.svg?uselang=fr"
  },
  {
    "country": "Mauritanie",
    "capital": "Nouakchott",
    "flagThumbUrl": "https://upload.wikimedia.org/wikipedia/commons/thumb/4/43/Flag_of_Mauritania.svg/20px-Flag_of_Mauritania.svg.png",
    "flagLinkUrl": "https://commons.wikimedia.org/wiki/File:Flag_of_Mauritania.svg?uselang=fr"
  },
  {
    "country": "Tonga",
    "capital": "Nukuʻalofa",
    "flagThumbUrl": "https://upload.wikimedia.org/wikipedia/commons/thumb/9/9a/Flag_of_Tonga.svg/20px-Flag_of_Tonga.svg.png",
    "flagLinkUrl": "https://commons.wikimedia.org/wiki/File:Flag_of_Tonga.svg?uselang=fr"
  },
  {
    "country": "Norvège",
    "capital": "Oslo",
    "flagThumbUrl": "https://upload.wikimedia.org/wikipedia/commons/thumb/d/d9/Flag_of_Norway.svg/20px-Flag_of_Norway.svg.png",
    "flagLinkUrl": "https://commons.wikimedia.org/wiki/File:Flag_of_Norway.svg?uselang=fr"
  },
  {
    "country": "Canada",
    "capital": "Ottawa",
    "flagThumbUrl": "https://upload.wikimedia.org/wikipedia/commons/thumb/d/d9/Flag_of_Canada_%28Pantone%29.svg/20px-Flag_of_Canada_%28Pantone%29.svg.png",
    "flagLinkUrl": "https://commons.wikimedia.org/wiki/File:Flag_of_Canada_(Pantone).svg?uselang=fr"
  },
  {
    "country": "Burkina Faso",
    "capital": "Ouagadougou",
    "flagThumbUrl": "https://upload.wikimedia.org/wikipedia/commons/thumb/3/31/Flag_of_Burkina_Faso.svg/20px-Flag_of_Burkina_Faso.svg.png",
    "flagLinkUrl": "https://commons.wikimedia.org/wiki/File:Flag_of_Burkina_Faso.svg?uselang=fr"
  },
  {
    "country": "Mongolie",
    "capital": "Oulan-Bator",
    "flagThumbUrl": "https://upload.wikimedia.org/wikipedia/commons/thumb/4/4c/Flag_of_Mongolia.svg/20px-Flag_of_Mongolia.svg.png",
    "flagLinkUrl": "https://commons.wikimedia.org/wiki/File:Flag_of_Mongolia.svg?uselang=fr"
  },
  {
    "country": "États fédérés de Micronésie",
    "capital": "Palikir",
    "flagThumbUrl": "https://upload.wikimedia.org/wikipedia/commons/thumb/e/e4/Flag_of_the_Federated_States_of_Micronesia.svg/20px-Flag_of_the_Federated_States_of_Micronesia.svg.png",
    "flagLinkUrl": "https://commons.wikimedia.org/wiki/File:Flag_of_the_Federated_States_of_Micronesia.svg?uselang=fr"
  },
  {
    "country": "Panama",
    "capital": "Panama",
    "flagThumbUrl": "https://upload.wikimedia.org/wikipedia/commons/thumb/a/ab/Flag_of_Panama.svg/20px-Flag_of_Panama.svg.png",
    "flagLinkUrl": "https://commons.wikimedia.org/wiki/File:Flag_of_Panama.svg?uselang=fr"
  },
  {
    "country": "Suriname",
    "capital": "Paramaribo",
    "flagThumbUrl": "https://upload.wikimedia.org/wikipedia/commons/thumb/6/60/Flag_of_Suriname.svg/20px-Flag_of_Suriname.svg.png",
    "flagLinkUrl": "https://commons.wikimedia.org/wiki/File:Flag_of_Suriname.svg?uselang=fr"
  },
  {
    "country": "France",
    "capital": "Paris",
    "flagThumbUrl": "https://upload.wikimedia.org/wikipedia/commons/thumb/d/d1/Flag_of_France_%281976%E2%80%932020%29.svg/20px-Flag_of_France_%281976%E2%80%932020%29.svg.png",
    "flagLinkUrl": "https://commons.wikimedia.org/wiki/File:Flag_of_France_(1976%E2%80%932020).svg?uselang=fr"
  },
  {
    "country": "Bolivie",
    "capital": "La Paz (gouvernement et ambassades)",
    "flagThumbUrl": "https://upload.wikimedia.org/wikipedia/commons/thumb/4/48/Flag_of_Bolivia.svg/20px-Flag_of_Bolivia.svg.png",
    "flagLinkUrl": "https://commons.wikimedia.org/wiki/File:Flag_of_Bolivia.svg?uselang=fr"
  },
  {
    "country": "Chine",
    "capital": "Pékin",
    "flagThumbUrl": "https://upload.wikimedia.org/wikipedia/commons/thumb/f/fa/Flag_of_the_People%27s_Republic_of_China.svg/20px-Flag_of_the_People%27s_Republic_of_China.svg.png",
    "flagLinkUrl": "https://commons.wikimedia.org/wiki/File:Flag_of_the_People%27s_Republic_of_China.svg?uselang=fr"
  },
  {
    "country": "Cambodge",
    "capital": "Phnom Penh",
    "flagThumbUrl": "https://upload.wikimedia.org/wikipedia/commons/thumb/8/83/Flag_of_Cambodia.svg/20px-Flag_of_Cambodia.svg.png",
    "flagLinkUrl": "https://commons.wikimedia.org/wiki/File:Flag_of_Cambodia.svg?uselang=fr"
  },
  {
    "country": "Papouasie-Nouvelle-Guinée",
    "capital": "Port Moresby",
    "flagThumbUrl": "https://upload.wikimedia.org/wikipedia/commons/thumb/e/e3/Flag_of_Papua_New_Guinea.svg/20px-Flag_of_Papua_New_Guinea.svg.png",
    "flagLinkUrl": "https://commons.wikimedia.org/wiki/File:Flag_of_Papua_New_Guinea.svg?uselang=fr"
  },
  {
    "country": "Haïti",
    "capital": "Port-au-Prince",
    "flagThumbUrl": "https://upload.wikimedia.org/wikipedia/commons/thumb/5/56/Flag_of_Haiti.svg/20px-Flag_of_Haiti.svg.png",
    "flagLinkUrl": "https://commons.wikimedia.org/wiki/File:Flag_of_Haiti.svg?uselang=fr"
  },
  {
    "country": "Trinité-et-Tobago",
    "capital": "Port-d'Espagne",
    "flagThumbUrl": "https://upload.wikimedia.org/wikipedia/commons/thumb/6/64/Flag_of_Trinidad_and_Tobago.svg/20px-Flag_of_Trinidad_and_Tobago.svg.png",
    "flagLinkUrl": "https://commons.wikimedia.org/wiki/File:Flag_of_Trinidad_and_Tobago.svg?uselang=fr"
  },
  {
    "country": "Maurice",
    "capital": "Port-Louis",
    "flagThumbUrl": "https://upload.wikimedia.org/wikipedia/commons/thumb/7/77/Flag_of_Mauritius.svg/20px-Flag_of_Mauritius.svg.png",
    "flagLinkUrl": "https://commons.wikimedia.org/wiki/File:Flag_of_Mauritius.svg?uselang=fr"
  },
  {
    "country": "Vanuatu",
    "capital": "Port-Vila",
    "flagThumbUrl": "https://upload.wikimedia.org/wikipedia/commons/thumb/b/bc/Flag_of_Vanuatu.svg/20px-Flag_of_Vanuatu.svg.png",
    "flagLinkUrl": "https://commons.wikimedia.org/wiki/File:Flag_of_Vanuatu.svg?uselang=fr"
  },
  {
    "country": "République tchèque",
    "capital": "Prague",
    "flagThumbUrl": "https://upload.wikimedia.org/wikipedia/commons/thumb/c/cb/Flag_of_the_Czech_Republic.svg/20px-Flag_of_the_Czech_Republic.svg.png",
    "flagLinkUrl": "https://commons.wikimedia.org/wiki/File:Flag_of_the_Czech_Republic.svg?uselang=fr"
  },
  {
    "country": "Cap-Vert",
    "capital": "Praia",
    "flagThumbUrl": "https://upload.wikimedia.org/wikipedia/commons/thumb/3/38/Flag_of_Cape_Verde.svg/20px-Flag_of_Cape_Verde.svg.png",
    "flagLinkUrl": "https://commons.wikimedia.org/wiki/File:Flag_of_Cape_Verde.svg?uselang=fr"
  },
  {
    "country": "Corée du Nord",
    "capital": "Pyongyang",
    "flagThumbUrl": "https://upload.wikimedia.org/wikipedia/commons/thumb/5/51/Flag_of_North_Korea.svg/20px-Flag_of_North_Korea.svg.png",
    "flagLinkUrl": "https://commons.wikimedia.org/wiki/File:Flag_of_North_Korea.svg?uselang=fr"
  },
  {
    "country": "Équateur",
    "capital": "Quito",
    "flagThumbUrl": "https://upload.wikimedia.org/wikipedia/commons/thumb/e/e8/Flag_of_Ecuador.svg/20px-Flag_of_Ecuador.svg.png",
    "flagLinkUrl": "https://commons.wikimedia.org/wiki/File:Flag_of_Ecuador.svg?uselang=fr"
  },
  {
    "country": "Maroc",
    "capital": "Rabat",
    "flagThumbUrl": "https://upload.wikimedia.org/wikipedia/commons/thumb/2/2c/Flag_of_Morocco.svg/20px-Flag_of_Morocco.svg.png",
    "flagLinkUrl": "https://commons.wikimedia.org/wiki/File:Flag_of_Morocco.svg?uselang=fr"
  },
  {
    "country": "Islande",
    "capital": "Reykjavik",
    "flagThumbUrl": "https://upload.wikimedia.org/wikipedia/commons/thumb/c/ce/Flag_of_Iceland.svg/20px-Flag_of_Iceland.svg.png",
    "flagLinkUrl": "https://commons.wikimedia.org/wiki/File:Flag_of_Iceland.svg?uselang=fr"
  },
  {
    "country": "Lettonie",
    "capital": "Riga",
    "flagThumbUrl": "https://upload.wikimedia.org/wikipedia/commons/thumb/8/84/Flag_of_Latvia.svg/20px-Flag_of_Latvia.svg.png",
    "flagLinkUrl": "https://commons.wikimedia.org/wiki/File:Flag_of_Latvia.svg?uselang=fr"
  },
  {
    "country": "Arabie saoudite",
    "capital": "Riyad",
    "flagThumbUrl": "https://upload.wikimedia.org/wikipedia/commons/thumb/0/0d/Flag_of_Saudi_Arabia.svg/20px-Flag_of_Saudi_Arabia.svg.png",
    "flagLinkUrl": "https://commons.wikimedia.org/wiki/File:Flag_of_Saudi_Arabia.svg?uselang=fr"
  },
  {
    "country": "Italie",
    "capital": "Rome",
    "flagThumbUrl": "https://upload.wikimedia.org/wikipedia/commons/thumb/0/03/Flag_of_Italy.svg/20px-Flag_of_Italy.svg.png",
    "flagLinkUrl": "https://commons.wikimedia.org/wiki/File:Flag_of_Italy.svg?uselang=fr"
  },
  {
    "country": "Dominique",
    "capital": "Roseau",
    "flagThumbUrl": "https://upload.wikimedia.org/wikipedia/commons/thumb/c/c4/Flag_of_Dominica.svg/20px-Flag_of_Dominica.svg.png",
    "flagLinkUrl": "https://commons.wikimedia.org/wiki/File:Flag_of_Dominica.svg?uselang=fr"
  },
  {
    "country": "Antigua-et-Barbuda",
    "capital": "Saint John's",
    "flagThumbUrl": "https://upload.wikimedia.org/wikipedia/commons/thumb/8/89/Flag_of_Antigua_and_Barbuda.svg/20px-Flag_of_Antigua_and_Barbuda.svg.png",
    "flagLinkUrl": "https://commons.wikimedia.org/wiki/File:Flag_of_Antigua_and_Barbuda.svg?uselang=fr"
  },
  {
    "country": "République dominicaine",
    "capital": "Saint-Domingue",
    "flagThumbUrl": "https://upload.wikimedia.org/wikipedia/commons/thumb/9/9f/Flag_of_the_Dominican_Republic.svg/20px-Flag_of_the_Dominican_Republic.svg.png",
    "flagLinkUrl": "https://commons.wikimedia.org/wiki/File:Flag_of_the_Dominican_Republic.svg?uselang=fr"
  },
  {
    "country": "Grenade",
    "capital": "Saint-Georges",
    "flagThumbUrl": "https://upload.wikimedia.org/wikipedia/commons/thumb/b/bc/Flag_of_Grenada.svg/20px-Flag_of_Grenada.svg.png",
    "flagLinkUrl": "https://commons.wikimedia.org/wiki/File:Flag_of_Grenada.svg?uselang=fr"
  },
  {
    "country": "Saint-Marin",
    "capital": "Saint-Marin",
    "flagThumbUrl": "https://upload.wikimedia.org/wikipedia/commons/thumb/b/b1/Flag_of_San_Marino.svg/20px-Flag_of_San_Marino.svg.png",
    "flagLinkUrl": "https://commons.wikimedia.org/wiki/File:Flag_of_San_Marino.svg?uselang=fr"
  },
  {
    "country": "Costa Rica",
    "capital": "San José",
    "flagThumbUrl": "https://upload.wikimedia.org/wikipedia/commons/thumb/f/f2/Flag_of_Costa_Rica.svg/20px-Flag_of_Costa_Rica.svg.png",
    "flagLinkUrl": "https://commons.wikimedia.org/wiki/File:Flag_of_Costa_Rica.svg?uselang=fr"
  },
  {
    "country": "Salvador",
    "capital": "San Salvador",
    "flagThumbUrl": "https://upload.wikimedia.org/wikipedia/commons/thumb/3/34/Flag_of_El_Salvador.svg/20px-Flag_of_El_Salvador.svg.png",
    "flagLinkUrl": "https://commons.wikimedia.org/wiki/File:Flag_of_El_Salvador.svg?uselang=fr"
  },
  {
    "country": "Chili",
    "capital": "Santiago (officielle)",
    "flagThumbUrl": "https://upload.wikimedia.org/wikipedia/commons/thumb/7/78/Flag_of_Chile.svg/20px-Flag_of_Chile.svg.png",
    "flagLinkUrl": "https://commons.wikimedia.org/wiki/File:Flag_of_Chile.svg?uselang=fr"
  },
  {
    "country": "Sao Tomé-et-Principe",
    "capital": "São Tomé",
    "flagThumbUrl": "https://upload.wikimedia.org/wikipedia/commons/thumb/0/0a/Flag_of_S%C3%A3o_Tom%C3%A9_and_Pr%C3%ADncipe.svg/20px-Flag_of_S%C3%A3o_Tom%C3%A9_and_Pr%C3%ADncipe.svg.png",
    "flagLinkUrl": "https://commons.wikimedia.org/wiki/File:Flag_of_S%C3%A3o_Tom%C3%A9_and_Pr%C3%ADncipe.svg?uselang=fr"
  },
  {
    "country": "Bosnie-Herzégovine",
    "capital": "Sarajevo",
    "flagThumbUrl": "https://upload.wikimedia.org/wikipedia/commons/thumb/b/bf/Flag_of_Bosnia_and_Herzegovina.svg/20px-Flag_of_Bosnia_and_Herzegovina.svg.png",
    "flagLinkUrl": "https://commons.wikimedia.org/wiki/File:Flag_of_Bosnia_and_Herzegovina.svg?uselang=fr"
  },
  {
    "country": "Corée du Sud",
    "capital": "Sejong (de facto)",
    "flagThumbUrl": "https://upload.wikimedia.org/wikipedia/commons/thumb/0/09/Flag_of_South_Korea.svg/20px-Flag_of_South_Korea.svg.png",
    "flagLinkUrl": "https://commons.wikimedia.org/wiki/File:Flag_of_South_Korea.svg?uselang=fr"
  },
  {
    "country": "Singapour",
    "capital": "Singapour",
    "flagThumbUrl": "https://upload.wikimedia.org/wikipedia/commons/thumb/4/48/Flag_of_Singapore.svg/20px-Flag_of_Singapore.svg.png",
    "flagLinkUrl": "https://commons.wikimedia.org/wiki/File:Flag_of_Singapore.svg?uselang=fr"
  },
  {
    "country": "Macédoine du Nord",
    "capital": "Skopje",
    "flagThumbUrl": "https://upload.wikimedia.org/wikipedia/commons/thumb/7/79/Flag_of_North_Macedonia.svg/20px-Flag_of_North_Macedonia.svg.png",
    "flagLinkUrl": "https://commons.wikimedia.org/wiki/File:Flag_of_North_Macedonia.svg?uselang=fr"
  },
  {
    "country": "Bulgarie",
    "capital": "Sofia",
    "flagThumbUrl": "https://upload.wikimedia.org/wikipedia/commons/thumb/9/9a/Flag_of_Bulgaria.svg/20px-Flag_of_Bulgaria.svg.png",
    "flagLinkUrl": "https://commons.wikimedia.org/wiki/File:Flag_of_Bulgaria.svg?uselang=fr"
  },
  {
    "country": "Suède",
    "capital": "Stockholm",
    "flagThumbUrl": "https://upload.wikimedia.org/wikipedia/commons/thumb/4/4c/Flag_of_Sweden.svg/20px-Flag_of_Sweden.svg.png",
    "flagLinkUrl": "https://commons.wikimedia.org/wiki/File:Flag_of_Sweden.svg?uselang=fr"
  },
  {
    "country": "Fidji",
    "capital": "Suva",
    "flagThumbUrl": "https://upload.wikimedia.org/wikipedia/commons/thumb/b/ba/Flag_of_Fiji.svg/20px-Flag_of_Fiji.svg.png",
    "flagLinkUrl": "https://commons.wikimedia.org/wiki/File:Flag_of_Fiji.svg?uselang=fr"
  },
  {
    "country": "Ouzbékistan",
    "capital": "Tachkent",
    "flagThumbUrl": "https://upload.wikimedia.org/wikipedia/commons/thumb/8/84/Flag_of_Uzbekistan.svg/20px-Flag_of_Uzbekistan.svg.png",
    "flagLinkUrl": "https://commons.wikimedia.org/wiki/File:Flag_of_Uzbekistan.svg?uselang=fr"
  },
  {
    "country": "Estonie",
    "capital": "Tallinn",
    "flagThumbUrl": "https://upload.wikimedia.org/wikipedia/commons/thumb/8/8f/Flag_of_Estonia.svg/20px-Flag_of_Estonia.svg.png",
    "flagLinkUrl": "https://commons.wikimedia.org/wiki/File:Flag_of_Estonia.svg?uselang=fr"
  },
  {
    "country": "Kiribati",
    "capital": "Tarawa-Sud",
    "flagThumbUrl": "https://upload.wikimedia.org/wikipedia/commons/thumb/d/d3/Flag_of_Kiribati.svg/20px-Flag_of_Kiribati.svg.png",
    "flagLinkUrl": "https://commons.wikimedia.org/wiki/File:Flag_of_Kiribati.svg?uselang=fr"
  },
  {
    "country": "Géorgie",
    "capital": "Tbilissi",
    "flagThumbUrl": "https://upload.wikimedia.org/wikipedia/commons/thumb/0/0f/Flag_of_Georgia.svg/20px-Flag_of_Georgia.svg.png",
    "flagLinkUrl": "https://commons.wikimedia.org/wiki/File:Flag_of_Georgia.svg?uselang=fr"
  },
  {
    "country": "Iran",
    "capital": "Téhéran",
    "flagThumbUrl": "https://upload.wikimedia.org/wikipedia/commons/thumb/c/ca/Flag_of_Iran.svg/20px-Flag_of_Iran.svg.png",
    "flagLinkUrl": "https://commons.wikimedia.org/wiki/File:Flag_of_Iran.svg?uselang=fr"
  },
  {
    "country": "Bhoutan",
    "capital": "Thimphou",
    "flagThumbUrl": "https://upload.wikimedia.org/wikipedia/commons/thumb/9/91/Flag_of_Bhutan.svg/20px-Flag_of_Bhutan.svg.png",
    "flagLinkUrl": "https://commons.wikimedia.org/wiki/File:Flag_of_Bhutan.svg?uselang=fr"
  },
  {
    "country": "Albanie",
    "capital": "Tirana",
    "flagThumbUrl": "https://upload.wikimedia.org/wikipedia/commons/thumb/3/36/Flag_of_Albania.svg/20px-Flag_of_Albania.svg.png",
    "flagLinkUrl": "https://commons.wikimedia.org/wiki/File:Flag_of_Albania.svg?uselang=fr"
  },
  {
    "country": "Japon",
    "capital": "Tokyo",
    "flagThumbUrl": "https://upload.wikimedia.org/wikipedia/commons/thumb/9/9e/Flag_of_Japan.svg/20px-Flag_of_Japan.svg.png",
    "flagLinkUrl": "https://commons.wikimedia.org/wiki/File:Flag_of_Japan.svg?uselang=fr"
  },
  {
    "country": "Libye",
    "capital": "Tripoli",
    "flagThumbUrl": "https://upload.wikimedia.org/wikipedia/commons/thumb/0/05/Flag_of_Libya.svg/20px-Flag_of_Libya.svg.png",
    "flagLinkUrl": "https://commons.wikimedia.org/wiki/File:Flag_of_Libya.svg?uselang=fr"
  },
  {
    "country": "Tunisie",
    "capital": "Tunis",
    "flagThumbUrl": "https://upload.wikimedia.org/wikipedia/commons/thumb/c/ce/Flag_of_Tunisia.svg/20px-Flag_of_Tunisia.svg.png",
    "flagLinkUrl": "https://commons.wikimedia.org/wiki/File:Flag_of_Tunisia.svg?uselang=fr"
  },
  {
    "country": "Liechtenstein",
    "capital": "Vaduz",
    "flagThumbUrl": "https://upload.wikimedia.org/wikipedia/commons/thumb/4/47/Flag_of_Liechtenstein.svg/20px-Flag_of_Liechtenstein.svg.png",
    "flagLinkUrl": "https://commons.wikimedia.org/wiki/File:Flag_of_Liechtenstein.svg?uselang=fr"
  },
  {
    "country": "Malte",
    "capital": "La Valette",
    "flagThumbUrl": "https://upload.wikimedia.org/wikipedia/commons/thumb/7/73/Flag_of_Malta.svg/20px-Flag_of_Malta.svg.png",
    "flagLinkUrl": "https://commons.wikimedia.org/wiki/File:Flag_of_Malta.svg?uselang=fr"
  },
  {
    "country": "Pologne",
    "capital": "Varsovie",
    "flagThumbUrl": "https://upload.wikimedia.org/wikipedia/commons/thumb/1/12/Flag_of_Poland.svg/20px-Flag_of_Poland.svg.png",
    "flagLinkUrl": "https://commons.wikimedia.org/wiki/File:Flag_of_Poland.svg?uselang=fr"
  },
  {
    "country": "Vatican[2]",
    "capital": "Vatican",
    "flagThumbUrl": "https://upload.wikimedia.org/wikipedia/commons/thumb/8/86/Flag_of_Vatican_City_%282001%E2%80%932023%29.svg/20px-Flag_of_Vatican_City_%282001%E2%80%932023%29.svg.png",
    "flagLinkUrl": "https://commons.wikimedia.org/wiki/File:Flag_of_Vatican_City_(2001%E2%80%932023).svg?uselang=fr"
  },
  {
    "country": "Seychelles",
    "capital": "Victoria",
    "flagThumbUrl": "https://upload.wikimedia.org/wikipedia/commons/thumb/f/fc/Flag_of_Seychelles.svg/20px-Flag_of_Seychelles.svg.png",
    "flagLinkUrl": "https://commons.wikimedia.org/wiki/File:Flag_of_Seychelles.svg?uselang=fr"
  },
  {
    "country": "Autriche",
    "capital": "Vienne",
    "flagThumbUrl": "https://upload.wikimedia.org/wikipedia/commons/thumb/4/41/Flag_of_Austria.svg/20px-Flag_of_Austria.svg.png",
    "flagLinkUrl": "https://commons.wikimedia.org/wiki/File:Flag_of_Austria.svg?uselang=fr"
  },
  {
    "country": "Laos",
    "capital": "Vientiane",
    "flagThumbUrl": "https://upload.wikimedia.org/wikipedia/commons/thumb/5/56/Flag_of_Laos.svg/20px-Flag_of_Laos.svg.png",
    "flagLinkUrl": "https://commons.wikimedia.org/wiki/File:Flag_of_Laos.svg?uselang=fr"
  },
  {
    "country": "Lituanie",
    "capital": "Vilnius",
    "flagThumbUrl": "https://upload.wikimedia.org/wikipedia/commons/thumb/1/11/Flag_of_Lithuania.svg/20px-Flag_of_Lithuania.svg.png",
    "flagLinkUrl": "https://commons.wikimedia.org/wiki/File:Flag_of_Lithuania.svg?uselang=fr"
  },
  {
    "country": "États-Unis",
    "capital": "Washington",
    "flagThumbUrl": "https://upload.wikimedia.org/wikipedia/commons/thumb/a/a4/Flag_of_the_United_States.svg/20px-Flag_of_the_United_States.svg.png",
    "flagLinkUrl": "https://commons.wikimedia.org/wiki/File:Flag_of_the_United_States.svg?uselang=fr"
  },
  {
    "country": "Nouvelle-Zélande",
    "capital": "Wellington",
    "flagThumbUrl": "https://upload.wikimedia.org/wikipedia/commons/thumb/3/3e/Flag_of_New_Zealand.svg/20px-Flag_of_New_Zealand.svg.png",
    "flagLinkUrl": "https://commons.wikimedia.org/wiki/File:Flag_of_New_Zealand.svg?uselang=fr"
  },
  {
    "country": "Namibie",
    "capital": "Windhoek",
    "flagThumbUrl": "https://upload.wikimedia.org/wikipedia/commons/thumb/0/00/Flag_of_Namibia.svg/20px-Flag_of_Namibia.svg.png",
    "flagLinkUrl": "https://commons.wikimedia.org/wiki/File:Flag_of_Namibia.svg?uselang=fr"
  },
  {
    "country": "Côte d'Ivoire",
    "capital": "Yamoussoukro",
    "flagThumbUrl": "https://upload.wikimedia.org/wikipedia/commons/thumb/f/fe/Flag_of_C%C3%B4te_d%27Ivoire.svg/20px-Flag_of_C%C3%B4te_d%27Ivoire.svg.png",
    "flagLinkUrl": "https://commons.wikimedia.org/wiki/File:Flag_of_C%C3%B4te_d%27Ivoire.svg?uselang=fr"
  },
  {
    "country": "Cameroun",
    "capital": "Yaoundé",
    "flagThumbUrl": "https://upload.wikimedia.org/wikipedia/commons/thumb/4/4f/Flag_of_Cameroon.svg/20px-Flag_of_Cameroon.svg.png",
    "flagLinkUrl": "https://commons.wikimedia.org/wiki/File:Flag_of_Cameroon.svg?uselang=fr"
  },
  {
    "country": "Nauru",
    "capital": "Yaren (de facto)",
    "flagThumbUrl": "https://upload.wikimedia.org/wikipedia/commons/thumb/3/30/Flag_of_Nauru.svg/20px-Flag_of_Nauru.svg.png",
    "flagLinkUrl": "https://commons.wikimedia.org/wiki/File:Flag_of_Nauru.svg?uselang=fr"
  },
  {
    "country": "Croatie",
    "capital": "Zagreb",
    "flagThumbUrl": "https://upload.wikimedia.org/wikipedia/commons/thumb/1/1b/Flag_of_Croatia.svg/20px-Flag_of_Croatia.svg.png",
    "flagLinkUrl": "https://commons.wikimedia.org/wiki/File:Flag_of_Croatia.svg?uselang=fr"
  }
]